sku_id,sku_name
5108603,Homeowners Policy
4744854,Auto Liability
3341057,Commercial Property
2719583,Disability Coverage
2458591,Disability Coverage
8078673,Life Insurance
1533224,Homeowners Policy
1499914,Flood Insurance
2571945,Homeowners Policy
4668136,Cyber Liability
4903402,Travel Coverage
9478454,Auto Liability
1445199,Auto Liability
4335942,Homeowners Policy
8038374,Disability Coverage
4698379,Disability Coverage
8536477,Flood Insurance
5667265,Cyber Liability
1109031,Auto Liability
3678638,Flood Insurance
8090293,Disability Coverage
6708456,Flood Insurance
5661907,Travel Coverage
3608513,Disability Coverage
4612365,Pet Insurance
6647119,Cyber Liability
2714803,Commercial Property
2556017,Auto Liability
7374122,Life Insurance
2622631,Travel Coverage
7022674,Health Plan
6770619,Commercial Property
5437923,Life Insurance
1728977,Disability Coverage
8707870,Health Plan
9996414,Homeowners Policy
3094235,Homeowners Policy
7350753,Travel Coverage
2322047,Homeowners Policy
5918715,Health Plan
7067228,Health Plan
4226067,Cyber Liability
2166941,Commercial Property
1768805,Auto Liability
4823498,Pet Insurance
5855124,Flood Insurance
2338687,Homeowners Policy
4905582,Travel Coverage
2694522,Homeowners Policy
7377459,Flood Insurance
