sku_id,sku_name
2867825,Life Insurance
1419610,Homeowners Policy
5614226,Flood Insurance
5108603,Homeowners Policy
4744854,Cyber Liability
3341057,Travel Coverage
2719583,Auto Liability
2458591,Auto Liability
8078673,Homeowners Policy
1533224,Disability Coverage
1499914,Disability Coverage
2571945,Flood Insurance
4668136,Cyber Liability
4903402,Auto Liability
9478454,Flood Insurance
1445199,Disability Coverage
4335942,Flood Insurance
8038374,Travel Coverage
4698379,Disability Coverage
8536477,Pet Insurance
5667265,Cyber Liability
1109031,Commercial Property
3678638,Auto Liability
8090293,Life Insurance
6708456,Travel Coverage
5661907,Health Plan
3608513,Commercial Property
4612365,Life Insurance
6647119,Disability Coverage
2714803,Health Plan
2556017,Homeowners Policy
7374122,Homeowners Policy
2622631,Travel Coverage
7022674,Homeowners Policy
6770619,Health Plan
5437923,Health Plan
1728977,Cyber Liability
8707870,Commercial Property
9996414,Auto Liability
3094235,Pet Insurance
7350753,Flood Insurance
2322047,Homeowners Policy
5918715,Travel Coverage
7067228,Homeowners Policy
4226067,Flood Insurance
2166941,Commercial Property
1768805,Cyber Liability
4823498,Health Plan
5855124,Cyber Liability
2338687,Disability Coverage
